Name,Personality
Amelia Rodriguez,INTP
Liam Jones,ENFP
Sophia Garcia,ISFJ
Ethan Miller,ESFJ
Olivia Brown,ISTJ
Noah Hernandez,ESFP
Ava Lopez,ENFJ
William Walker,ISTP
Isabella Moore,INFP
James Martin,ESTJ
Charlotte Thomas,ENTJ
Michael Robinson,ISFP
Mia Allen,INFJ
Alexander Young,ENTP
Emily Gonzalez,ISFJ
Daniel Davis,ENFP
Evelyn Johnson,ENTP
Matthew Wilson,ISTJ
Hailey Garcia,ESFP
Andrew Hernandez,INTJ
Abigail Lopez,ISFP
Christopher Walker,ESTP
Ashley Moore,ESFJ
Joseph Martin,ENTJ
Madison Thomas,INFJ
David Robinson,ISTP
Sarah Allen,INFP
Joshua Young,ENFP
Samantha Gonzalez,ISFJ
Richard Davis,ISTJ
Elizabeth Johnson,ESFP
Daniel Wilson,INTJ
Lauren Garcia,ENFP
Kevin Hernandez,ISFP
Victoria Lopez,ENTJ
Jacob Walker,INFJ
Emily Moore,ISTP
Brandon Thomas,ESFJ
Ashley Robinson,ENFP
Sarah Allen,ISTJ
William Young,ESFP
Benjamin Gonzalez,INTJ
Emily Davis,ENFP
Michael Johnson,ISFJ
Alexander Wilson,ISTP
Sophia Garcia,ESFP
Ethan Lopez,ENTJ
Olivia Walker,INFJ
Noah Moore,ISTP
Ava Thomas,ESFJ